id,id_seller,id_weight,name,description,price,photo_url
1,1,1,Lele,Explicabo aliquid tempore itaque unde numquam perferendis optio dolorum qui magni labore sunt.,26399,https://dummyimage.com/640x480
2,2,2,Gurame,Ipsa necessitatibus saepe tenetur quaerat facere veritatis numquam.,30342,https://picsum.photos/640/480
3,3,3,Kakap Merah,Iure perferendis amet maxime libero unde sequi dolore ad ipsum.,19470,https://dummyimage.com/640x480
4,4,4,Kakap Putih,Voluptates sapiente mollitia dignissimos quas occaecati odio consectetur.,24771,https://dummyimage.com/640x480
5,5,5,Layang,Recusandae alias excepturi quam temporibus facere vitae natus soluta.,21948,https://placekitten.com/640/480
6,6,6,Cumi-cumi,Reprehenderit ea quis at molestiae eos veritatis dolore adipisci nostrum amet sapiente.,32453,https://placekitten.com/640/480
7,7,7,Layang,Accusantium iusto possimus provident veniam magnam doloribus qui consequatur non vero ab aliquid.,34311,https://picsum.photos/640/480
8,8,8,Tuna,Rerum iste ipsa fuga animi reiciendis vitae deleniti veniam cupiditate vero magnam.,28204,https://placekitten.com/640/480
9,9,9,Udang Vaname,Necessitatibus excepturi soluta neque sint nesciunt nesciunt illum accusantium atque sapiente excepturi repellendus.,19219,https://placekitten.com/640/480
10,10,10,Kakap Putih,Sequi illum neque porro occaecati unde reiciendis modi quia tempore omnis voluptate temporibus.,24798,https://placekitten.com/640/480
11,11,11,Cakalang,Rem recusandae nihil ab fuga fugiat accusantium.,20321,https://picsum.photos/640/480
12,12,12,Udang Windu,Magnam esse incidunt ipsum sint iste dolor eum.,24461,https://dummyimage.com/640x480
13,13,13,Cumi-cumi,Fugiat voluptates nesciunt laudantium natus aspernatur soluta.,25984,https://dummyimage.com/640x480
14,14,14,Salmon,Beatae rem quam ullam architecto perspiciatis quia vero veniam.,20248,https://dummyimage.com/640x480
15,15,15,Patin,Excepturi odit quidem sequi odit quidem fugit suscipit neque ut.,19310,https://dummyimage.com/640x480
16,16,16,Tuna,Numquam blanditiis veniam hic repellendus inventore consequatur consectetur exercitationem eum delectus deleniti doloribus illum commodi.,28022,https://placekitten.com/640/480
17,17,17,Tongkol,Debitis maxime quas nihil aliquam est non ipsam nobis.,17513,https://dummyimage.com/640x480
18,18,18,Belanak,A nemo eius hic aspernatur repellendus quisquam reprehenderit officia.,23034,https://picsum.photos/640/480
19,19,19,Layang,Labore in saepe cumque ad recusandae.,25237,https://picsum.photos/640/480
20,20,20,Layang,Iste quam nostrum error veniam provident ab perferendis veritatis earum repellat mollitia molestias maxime minus.,15602,https://placekitten.com/640/480
21,21,21,Gurame,Harum quia eum aliquam placeat vitae enim eligendi occaecati eius.,19900,https://placekitten.com/640/480
22,22,22,Rajungan,Quod fugiat earum ratione distinctio veritatis molestias odio nisi architecto cupiditate eius consequuntur esse minus.,33392,https://picsum.photos/640/480
23,23,23,Cakalang,Ad voluptatum porro enim unde iure voluptatem distinctio veritatis expedita ut fuga suscipit.,20075,https://dummyimage.com/640x480
24,24,24,Patin,Recusandae molestiae aut animi repellendus quis reprehenderit inventore consectetur possimus saepe magnam.,34980,https://dummyimage.com/640x480
25,25,25,Udang Vaname,Vero tempore architecto ducimus rerum facilis sit modi.,16947,https://picsum.photos/640/480
26,26,26,Salmon,Commodi dolor quos vero minus molestiae.,18423,https://placekitten.com/640/480
27,27,27,Selar,Nihil delectus ex accusantium ea fugit molestiae officia mollitia reiciendis dolores accusamus alias dignissimos et dolorem repellendus.,21688,https://placekitten.com/640/480
28,28,28,Gurame,Rem velit vel dolorum quisquam quaerat illum iusto dignissimos explicabo aliquam.,34694,https://picsum.photos/640/480
29,29,29,Tuna,Illo molestias occaecati distinctio minus inventore explicabo unde nisi voluptates.,34958,https://dummyimage.com/640x480
30,30,30,Makarel,Voluptate reiciendis tempora tempore minus dignissimos laborum expedita odio laudantium excepturi tenetur.,29770,https://placekitten.com/640/480
31,31,31,Kepiting Bakau,Saepe velit libero ab placeat eveniet illum.,30700,https://placekitten.com/640/480
32,32,32,Patin,Sapiente veniam blanditiis recusandae quia omnis repellat quidem tempore molestiae.,25343,https://placekitten.com/640/480
33,33,33,Sotong,Consequatur distinctio alias minima sapiente amet quibusdam fugit sunt culpa aspernatur reiciendis iusto nam dolores recusandae quos.,26748,https://picsum.photos/640/480
34,34,34,Teri,Error architecto impedit eveniet error dicta quia autem praesentium nisi magni quo eaque eaque ullam perferendis alias facere veniam natus.,26750,https://placekitten.com/640/480
35,35,35,Rajungan,Natus eum blanditiis vel aut nisi debitis tempora vel exercitationem sed reprehenderit alias.,19462,https://picsum.photos/640/480
36,36,36,Rajungan,Perspiciatis saepe magnam magnam natus eos non minima necessitatibus dolores quasi libero.,26170,https://placekitten.com/640/480
37,37,37,Kakap Putih,Nemo officia eos consequuntur aliquid voluptatibus ut natus fuga saepe.,17367,https://placekitten.com/640/480
38,38,38,Udang Windu,Nihil voluptatibus nemo dignissimos quibusdam ducimus voluptatibus odit doloremque.,32360,https://placekitten.com/640/480
39,39,39,Kembung,Nisi fugiat optio officiis excepturi consectetur exercitationem non aliquid blanditiis doloremque.,18602,https://dummyimage.com/640x480
40,40,40,Teri,Commodi voluptates tempora delectus laboriosam architecto id quam doloremque unde.,20893,https://placekitten.com/640/480
41,41,41,Udang Vaname,Eaque occaecati nulla harum fugiat deserunt dolorum tempora blanditiis eius optio odit itaque temporibus.,28980,https://dummyimage.com/640x480
42,42,42,Teri,Natus harum vitae impedit recusandae quas sit.,22535,https://placekitten.com/640/480
43,43,43,Belanak,Quo libero harum provident ab dolorum.,20097,https://picsum.photos/640/480
44,44,44,Rajungan,Autem id odit quasi aperiam reiciendis temporibus tempore aliquid laborum magni molestiae unde.,24121,https://dummyimage.com/640x480
45,45,45,Sarden,Expedita omnis voluptatem voluptatum blanditiis voluptatum iste sint corrupti.,28627,https://placekitten.com/640/480
46,46,46,Baronang,Nemo quam doloribus vitae harum minima ut incidunt ipsa fugiat ipsa neque veritatis.,23222,https://picsum.photos/640/480
47,47,47,Salmon,Corrupti fugiat animi nesciunt quos excepturi aut minima minima.,26632,https://placekitten.com/640/480
48,48,48,Sarden,Pariatur dicta laboriosam consequatur atque nulla veritatis.,25171,https://dummyimage.com/640x480
49,49,49,Udang Windu,Ipsam itaque ex perferendis iste odio provident reiciendis est nesciunt.,26672,https://picsum.photos/640/480
50,50,50,Kepiting Bakau,Aliquid maxime numquam earum veritatis rerum provident quos cum vero.,32546,https://dummyimage.com/640x480
51,51,51,Cakalang,Laboriosam ex esse impedit veritatis beatae pariatur.,32568,https://picsum.photos/640/480
52,52,52,Salmon,Pariatur ipsum doloremque eum hic atque sint nihil nostrum adipisci cumque.,28074,https://dummyimage.com/640x480
53,53,53,Bawal,Assumenda minima exercitationem iste corrupti quod veritatis similique quo nostrum ullam facere nulla.,18271,https://placekitten.com/640/480
54,54,54,Cumi-cumi,Molestiae nostrum exercitationem voluptatum blanditiis eos impedit laborum atque perspiciatis voluptas corrupti.,26084,https://dummyimage.com/640x480
55,55,55,Cumi-cumi,Voluptates saepe molestias asperiores ut earum voluptatum incidunt deserunt eaque culpa ducimus incidunt accusantium.,29112,https://picsum.photos/640/480
56,56,56,Makarel,Distinctio qui consectetur impedit eum nisi adipisci.,17202,https://picsum.photos/640/480
57,57,57,Bawal,Minus non velit animi ut dignissimos.,19226,https://placekitten.com/640/480
58,58,58,Layang,Distinctio quia in neque quos inventore aperiam minima.,17830,https://placekitten.com/640/480
59,59,59,Cumi-cumi,Et dolores doloribus nostrum quam mollitia quod quos magni cum dolorem vitae maiores cumque.,28789,https://picsum.photos/640/480
60,60,60,Tongkol,Totam neque distinctio unde ipsam a repudiandae amet modi voluptate ab eius.,24144,https://placekitten.com/640/480
61,61,61,Nila,Libero laudantium minus distinctio alias rerum illo distinctio atque adipisci.,26931,https://dummyimage.com/640x480
62,62,62,Layang,Unde eius laudantium id ducimus molestiae optio commodi.,19748,https://picsum.photos/640/480
63,63,63,Kembung,Nobis tempore vero deleniti quos laudantium mollitia exercitationem quidem cum.,31663,https://dummyimage.com/640x480
64,64,64,Makarel,Blanditiis itaque adipisci ullam ipsa sed a temporibus expedita eveniet non voluptatum voluptatum impedit debitis expedita.,23266,https://placekitten.com/640/480
65,65,65,Sarden,Neque hic sint maxime molestiae perspiciatis voluptate magnam ratione tempora accusamus iusto iure sit exercitationem praesentium sapiente ipsum.,28972,https://picsum.photos/640/480
66,66,66,Kakap Merah,Possimus sapiente nobis debitis tenetur cum in unde dicta.,22082,https://picsum.photos/640/480
67,67,67,Teri,Quos molestiae ipsum delectus et laborum voluptates molestias sapiente facilis dolore aliquam vel eligendi est.,29124,https://placekitten.com/640/480
68,68,68,Sarden,Aspernatur error ad voluptatibus impedit deserunt voluptas reprehenderit.,28792,https://picsum.photos/640/480
69,69,69,Layang,Adipisci culpa tempore explicabo soluta ipsam dolore quis unde asperiores deserunt cum accusamus.,27698,https://picsum.photos/640/480
70,70,70,Gurame,Veritatis debitis autem numquam aut voluptate.,23404,https://placekitten.com/640/480
71,71,71,Lele,Qui repellendus voluptatem eius dignissimos earum ipsam esse soluta nostrum.,32321,https://picsum.photos/640/480
72,72,72,Gurame,Occaecati laboriosam recusandae tempore recusandae dolores veniam eaque modi.,31774,https://dummyimage.com/640x480
73,73,73,Salmon,Accusantium pariatur atque voluptatum nobis quia.,34598,https://placekitten.com/640/480
74,74,74,Gurame,Quae animi quis repudiandae mollitia dolorum expedita debitis voluptates nesciunt optio enim velit asperiores ipsa deserunt reiciendis eius nostrum.,22702,https://picsum.photos/640/480
75,75,75,Udang Vaname,Voluptatem reprehenderit ullam adipisci repudiandae harum reiciendis.,23730,https://placekitten.com/640/480
76,76,76,Rajungan,Ullam velit nesciunt non consectetur possimus voluptatum quod.,24363,https://placekitten.com/640/480
77,77,77,Lele,Voluptatum laudantium soluta ipsam in aspernatur enim occaecati ullam modi sit.,27947,https://placekitten.com/640/480
78,78,78,Cumi-cumi,Repellendus cum voluptatum laudantium dolorum ex reprehenderit atque maxime porro neque doloremque doloremque deleniti animi laudantium.,31382,https://placekitten.com/640/480
79,79,79,Kepiting Bakau,Sint perferendis rerum quidem iusto magni reiciendis occaecati libero.,17118,https://picsum.photos/640/480
80,80,80,Cakalang,Voluptatibus aliquid ab suscipit autem doloribus ducimus quos delectus.,25289,https://dummyimage.com/640x480
81,81,81,Tongkol,Quibusdam sit laborum exercitationem sed vitae alias occaecati necessitatibus fugiat delectus.,17119,https://placekitten.com/640/480
82,82,82,Kerapu,Ipsam ut eum neque fuga exercitationem nostrum assumenda labore aliquam veniam debitis.,27049,https://placekitten.com/640/480
83,83,83,Nila,At magni dicta quidem ipsa ad illum.,21405,https://dummyimage.com/640x480
84,84,84,Kakap Merah,Dolores ullam nulla quos tempora quo fugiat debitis nobis.,32641,https://dummyimage.com/640x480
85,85,85,Layang,Impedit ex laborum consequuntur laboriosam qui harum a possimus.,34420,https://placekitten.com/640/480
86,86,86,Salmon,Perferendis ipsum magnam ipsam iure quaerat dolore minus similique alias impedit illum.,24124,https://picsum.photos/640/480
87,87,87,Bandeng,Omnis error iusto culpa voluptas asperiores optio rerum.,26535,https://placekitten.com/640/480
88,88,88,Sotong,Ullam a asperiores nisi cum reprehenderit officiis consequuntur blanditiis accusantium tenetur aperiam pariatur tempora esse magni quod iusto.,25848,https://dummyimage.com/640x480
89,89,89,Baronang,A provident animi magnam debitis optio saepe tempore temporibus voluptas laudantium qui quo cupiditate doloribus.,29763,https://picsum.photos/640/480
90,90,90,Sarden,Aperiam nihil ducimus ratione iusto blanditiis enim libero facilis aliquam soluta.,25755,https://dummyimage.com/640x480
91,91,91,Teri,Fugit doloribus laboriosam beatae inventore placeat soluta deserunt optio ipsa.,23017,https://placekitten.com/640/480
92,92,92,Udang Windu,Dolores tenetur architecto non aliquam commodi culpa iusto tenetur ea nesciunt molestias consectetur asperiores.,21840,https://picsum.photos/640/480
93,93,93,Teri,Corporis fugit quasi fuga cumque eveniet reprehenderit consequatur.,31314,https://picsum.photos/640/480
94,94,94,Baronang,Saepe sapiente suscipit voluptatem nisi illum aut doloremque sit porro consequatur ratione quaerat.,16325,https://picsum.photos/640/480
95,95,95,Tongkol,Veritatis molestiae eius voluptas tenetur delectus dolores quos eius similique.,21610,https://picsum.photos/640/480
96,96,96,Tuna,Cum dignissimos alias ullam labore ab laboriosam commodi in officia nihil mollitia.,22637,https://picsum.photos/640/480
97,97,97,Cakalang,Fuga labore hic laboriosam non reprehenderit.,31658,https://dummyimage.com/640x480
98,98,98,Tongkol,Mollitia nam earum repudiandae voluptas est cupiditate asperiores dolor ducimus assumenda ullam maxime.,31332,https://dummyimage.com/640x480
99,99,99,Salmon,Ducimus expedita sit sed ducimus.,19896,https://picsum.photos/640/480
100,100,100,Udang Vaname,Explicabo in incidunt voluptate corporis dolorum praesentium ratione iure tenetur.,25646,https://picsum.photos/640/480
101,101,101,Kembung,Adipisci fugit soluta molestias velit delectus aliquid.,27533,https://placekitten.com/640/480
102,102,102,Gurame,Cupiditate enim voluptatibus sed facilis voluptate consequatur sed beatae quidem facilis temporibus recusandae quod mollitia atque exercitationem repellendus nemo.,32504,https://picsum.photos/640/480
103,103,103,Udang Vaname,Natus officia quos animi quaerat impedit optio nihil ullam iure maiores.,32925,https://picsum.photos/640/480
104,104,104,Lele,Rerum magni doloremque nesciunt perferendis non repellat placeat explicabo repellat porro.,15178,https://dummyimage.com/640x480
105,105,105,Sotong,Fugiat quasi accusamus velit exercitationem nostrum error accusamus sapiente.,21254,https://dummyimage.com/640x480
106,106,106,Kembung,Beatae voluptatem et placeat dolor nisi cumque nulla voluptas doloribus voluptate soluta dolorum vel quasi minus.,18620,https://dummyimage.com/640x480
107,107,107,Kerapu,Vitae in eius dolores distinctio ea adipisci laudantium natus earum officia magni.,24649,https://placekitten.com/640/480
108,108,108,Sotong,Beatae sit harum provident autem itaque commodi praesentium ab labore officia facilis.,19812,https://placekitten.com/640/480
109,109,109,Selar,Unde cupiditate quo libero at provident rerum ratione iste numquam officiis.,25403,https://placekitten.com/640/480
110,110,110,Udang Vaname,Optio expedita dolor hic enim omnis non et repellat modi non sapiente ipsa sed.,33999,https://picsum.photos/640/480
111,111,111,Sarden,Velit perferendis officiis enim sapiente impedit mollitia dolores laborum cumque.,17084,https://dummyimage.com/640x480
112,112,112,Cakalang,Eos eius eum odit corporis odit qui enim perspiciatis aut quibusdam enim repellendus quidem.,31052,https://picsum.photos/640/480
113,113,113,Rajungan,Nobis dolorem iusto modi dolore nesciunt pariatur magnam natus perspiciatis maiores doloribus consequatur soluta labore sunt.,17821,https://dummyimage.com/640x480
114,114,114,Rajungan,A ipsa eligendi iste iure dolor illum quos ipsa.,27955,https://picsum.photos/640/480
115,115,115,Patin,Ipsa accusamus aut sunt architecto sunt natus animi.,17430,https://picsum.photos/640/480
116,116,116,Makarel,Minima sed soluta unde labore voluptatem voluptatem sit accusantium minus esse nisi.,28148,https://placekitten.com/640/480
117,117,117,Teri,Labore consequatur quia neque adipisci nam.,21892,https://placekitten.com/640/480
118,118,118,Makarel,Iste iste numquam repellendus commodi corrupti necessitatibus minus quos sapiente pariatur ullam distinctio.,16907,https://dummyimage.com/640x480
119,119,119,Kakap Merah,Voluptas at consequatur officia officia officiis laudantium delectus explicabo eveniet explicabo eaque porro accusamus voluptate quisquam accusantium quis perspiciatis.,23679,https://dummyimage.com/640x480
120,120,120,Bawal,Nobis voluptatum dolorum porro consequuntur.,20551,https://placekitten.com/640/480
121,121,121,Bandeng,Quo animi eius inventore voluptates quam ratione.,34028,https://dummyimage.com/640x480
122,122,122,Udang Vaname,Consequuntur minus accusantium iure magni fugit excepturi labore laborum velit cum ipsam accusamus distinctio tenetur ullam officia reprehenderit odio.,24284,https://dummyimage.com/640x480
123,123,123,Kakap Putih,Inventore minima perspiciatis dignissimos quos dignissimos cum corrupti consequuntur corporis esse veniam.,17442,https://picsum.photos/640/480
124,124,124,Salmon,Amet qui sed quos quia.,20752,https://dummyimage.com/640x480
125,125,125,Gurame,Possimus modi cupiditate delectus nisi illum quis ipsum blanditiis libero rem.,28705,https://placekitten.com/640/480
126,126,126,Kakap Merah,Iure sint est atque aut molestiae nisi labore dolores.,29969,https://dummyimage.com/640x480
127,127,127,Kakap Putih,Laudantium odio facilis asperiores itaque blanditiis eius aspernatur quod corporis asperiores doloribus doloremque corrupti minus a similique.,21054,https://dummyimage.com/640x480
128,128,128,Kakap Merah,Illo et soluta minima voluptates deleniti beatae accusantium eveniet.,28672,https://dummyimage.com/640x480
129,129,129,Kerapu,Est repellendus commodi molestiae accusamus assumenda inventore ea exercitationem officia id accusamus.,22686,https://placekitten.com/640/480
130,130,130,Kakap Merah,Provident quas qui laborum expedita.,25911,https://picsum.photos/640/480
131,131,131,Makarel,Aut delectus aperiam vel perspiciatis reiciendis cupiditate velit ipsam officia velit iusto.,33370,https://picsum.photos/640/480
132,132,132,Tuna,Debitis quaerat magnam atque repellat debitis culpa voluptas tempore ad facilis culpa odit iure error.,20592,https://dummyimage.com/640x480
133,133,133,Kepiting Bakau,Amet accusantium unde delectus totam sequi alias molestias sapiente voluptates reiciendis repellat.,19541,https://picsum.photos/640/480
134,134,134,Nila,Repellat perspiciatis cum sapiente ipsum.,20274,https://placekitten.com/640/480
135,135,135,Kepiting Bakau,Saepe inventore ab laboriosam ratione laboriosam esse dolor eos consectetur sunt mollitia a.,30659,https://picsum.photos/640/480
136,136,136,Belanak,Minima quasi maxime a optio consequuntur sit aperiam modi ab placeat ab.,26547,https://placekitten.com/640/480
137,137,137,Belanak,Soluta nulla nihil beatae impedit facilis placeat tempore exercitationem fuga repudiandae.,33816,https://dummyimage.com/640x480
138,138,138,Sotong,Excepturi recusandae maxime amet non nisi aperiam culpa.,33984,https://placekitten.com/640/480
139,139,139,Udang Windu,Nulla perferendis quas impedit quisquam optio debitis occaecati hic excepturi vero temporibus ad alias.,23231,https://dummyimage.com/640x480
140,140,140,Lele,In exercitationem adipisci eaque minus aut sapiente culpa.,25168,https://picsum.photos/640/480
141,141,141,Lele,Odio voluptas reprehenderit aut illum voluptas provident officiis expedita.,33940,https://picsum.photos/640/480
142,142,142,Layang,Dicta totam eveniet omnis temporibus.,15257,https://picsum.photos/640/480
143,143,143,Cakalang,Beatae provident esse enim reiciendis vitae aspernatur quidem recusandae soluta tenetur qui dolor reprehenderit sapiente rerum sed quis labore.,21114,https://placekitten.com/640/480
144,144,144,Layang,Tempora tempora reprehenderit alias nemo deserunt similique hic explicabo placeat omnis magnam unde.,34564,https://placekitten.com/640/480
145,145,145,Tongkol,A saepe dignissimos praesentium amet voluptas itaque dolore impedit fugit quod nobis saepe perferendis cupiditate dolorum.,33099,https://dummyimage.com/640x480
146,146,146,Cakalang,Tenetur molestias mollitia unde cumque mollitia voluptatibus doloribus voluptatem recusandae incidunt.,21601,https://dummyimage.com/640x480
147,147,147,Rajungan,Dicta corrupti eligendi sunt nam magnam ut ea iusto minima veniam cumque.,23181,https://picsum.photos/640/480
148,148,148,Patin,Veniam ex repudiandae iusto recusandae porro error iusto.,28252,https://dummyimage.com/640x480
149,149,149,Kembung,Magnam ut debitis veniam iusto veniam incidunt accusantium error distinctio laboriosam magni voluptatum dolore et deleniti.,19506,https://dummyimage.com/640x480
150,150,150,Makarel,Reprehenderit placeat distinctio nesciunt expedita cumque voluptates ut minus eius debitis facere pariatur ipsum et atque beatae tempore iste ipsum repudiandae.,30866,https://picsum.photos/640/480
151,151,151,Tuna,Dolores distinctio laudantium nulla aliquam distinctio ea.,15649,https://dummyimage.com/640x480
152,152,152,Tongkol,Voluptas quidem adipisci natus fugit magnam provident illo eos officiis cumque repellat sint.,21063,https://placekitten.com/640/480
153,153,153,Udang Vaname,Est adipisci voluptatem beatae minus quasi iure quidem eveniet eaque illo quisquam dolorem.,27427,https://picsum.photos/640/480
154,154,154,Baronang,Repellendus voluptas dolore rerum consectetur ullam aperiam vel consequuntur alias ad facere repudiandae maxime sed.,30847,https://picsum.photos/640/480
155,155,155,Patin,Ex corrupti deserunt aperiam sequi aperiam aliquam voluptate iure quasi labore ullam libero culpa tempora quia quasi.,34966,https://dummyimage.com/640x480
156,156,156,Patin,Quae sequi voluptatibus itaque neque animi fugiat est ullam possimus suscipit repudiandae.,17281,https://picsum.photos/640/480
157,157,157,Kerapu,Aspernatur veritatis tempora repellendus officiis unde ex quasi.,34925,https://dummyimage.com/640x480
158,158,158,Bandeng,Quam dolorum cum odio sed laboriosam aliquid laborum repellendus nesciunt excepturi aperiam assumenda distinctio.,31429,https://picsum.photos/640/480
159,159,159,Udang Windu,Architecto voluptates sint reiciendis veritatis quasi accusamus aliquid in nisi voluptatem possimus quas aspernatur molestias est voluptate at.,23849,https://placekitten.com/640/480
160,160,160,Patin,Officia labore perspiciatis natus minima iusto illum error possimus aliquid hic sint tempora debitis sunt dignissimos tenetur.,31760,https://picsum.photos/640/480
161,161,161,Kerapu,Enim temporibus temporibus provident dicta perferendis quis soluta odio illum optio.,15446,https://placekitten.com/640/480
162,162,162,Kakap Putih,Necessitatibus magnam quam voluptas natus facere necessitatibus at numquam soluta libero consequatur earum ad impedit reiciendis animi laudantium dolor.,19257,https://picsum.photos/640/480
163,163,163,Bawal,Incidunt molestias a sit eius explicabo inventore aut.,16908,https://placekitten.com/640/480
164,164,164,Belanak,Magni id quisquam deleniti officiis optio voluptatem ipsum similique excepturi.,15322,https://picsum.photos/640/480
165,165,165,Cumi-cumi,Suscipit eaque assumenda dolorum eligendi recusandae doloribus amet quasi voluptatem ipsam.,34520,https://placekitten.com/640/480
166,166,166,Cumi-cumi,Atque est et ratione doloremque velit maxime.,28566,https://dummyimage.com/640x480
167,167,167,Tongkol,Quos suscipit sunt laborum optio maiores quam assumenda quas porro praesentium assumenda voluptatum maiores.,24417,https://dummyimage.com/640x480
168,168,168,Selar,Dignissimos vel aperiam illum nulla voluptatibus blanditiis pariatur laudantium nesciunt quis.,16306,https://dummyimage.com/640x480
169,169,169,Cumi-cumi,Numquam impedit sapiente quasi deserunt aliquam quis optio veniam eum tempora aliquid facere corporis perspiciatis exercitationem cumque facere neque.,17783,https://picsum.photos/640/480
170,170,170,Cumi-cumi,Possimus porro qui occaecati temporibus ut necessitatibus ex ad minima temporibus.,24997,https://placekitten.com/640/480
171,171,171,Teri,Molestiae aspernatur eligendi dolorem dolorem praesentium nesciunt expedita.,19321,https://dummyimage.com/640x480
172,172,172,Layang,Minus et amet repudiandae nostrum corrupti similique quasi.,23655,https://placekitten.com/640/480
173,173,173,Salmon,Voluptate officia tenetur veniam praesentium autem eligendi ratione debitis quas maxime.,27797,https://picsum.photos/640/480
174,174,174,Selar,Autem repudiandae iste animi dolore officiis nemo.,15574,https://picsum.photos/640/480
175,175,175,Patin,Et doloribus maiores quo tempore nemo similique recusandae.,26551,https://dummyimage.com/640x480
176,176,176,Kepiting Bakau,Mollitia provident ducimus voluptas debitis aspernatur.,19663,https://dummyimage.com/640x480
177,177,177,Makarel,Iure repellat dignissimos dolore ullam architecto consequatur.,24301,https://placekitten.com/640/480
178,178,178,Salmon,Laudantium eos excepturi ratione fugit nam dicta explicabo corporis iusto aliquam.,17026,https://dummyimage.com/640x480
179,179,179,Kepiting Bakau,Voluptatibus libero repudiandae qui vitae sed culpa neque sed eligendi rerum porro.,21491,https://dummyimage.com/640x480
180,180,180,Udang Vaname,Natus eveniet aliquam sit laborum esse accusantium molestias.,31517,https://dummyimage.com/640x480
181,181,181,Cakalang,Odit veniam est tenetur molestias ab nostrum dignissimos sapiente necessitatibus impedit voluptatem exercitationem eligendi nemo.,20655,https://placekitten.com/640/480
182,182,182,Baronang,Quam voluptas placeat quia blanditiis accusamus adipisci aliquam saepe eos excepturi ducimus accusamus et tenetur animi exercitationem.,24166,https://dummyimage.com/640x480
183,183,183,Rajungan,Perferendis blanditiis cumque aliquam consequuntur accusantium quia quisquam similique dolores totam nesciunt facere culpa eligendi iste in quasi.,19815,https://picsum.photos/640/480
184,184,184,Lele,Exercitationem expedita nulla saepe molestias excepturi sit rem assumenda velit.,27735,https://dummyimage.com/640x480
185,185,185,Cumi-cumi,Delectus sequi nobis sint ab amet ipsum deleniti.,27182,https://picsum.photos/640/480
186,186,186,Cumi-cumi,Quidem quas dolorum consectetur deleniti pariatur necessitatibus quisquam minus facilis mollitia id.,31950,https://dummyimage.com/640x480
187,187,187,Sotong,Eius consequuntur inventore iste optio accusantium doloribus dolor sint.,27237,https://placekitten.com/640/480
188,188,188,Tuna,Quaerat a quis eum eveniet reprehenderit eius illum adipisci a.,15152,https://picsum.photos/640/480
189,189,189,Tongkol,Quasi quisquam alias sit eveniet odio perspiciatis assumenda dolor rerum.,22803,https://placekitten.com/640/480
190,190,190,Gurame,Doloribus ex aliquid ipsam officiis eos quia maiores possimus.,24213,https://picsum.photos/640/480
191,191,191,Patin,Laboriosam dolorum beatae culpa molestias enim ullam assumenda vel quod dolores.,25697,https://placekitten.com/640/480
192,192,192,Makarel,Quis vero esse nesciunt doloribus animi illum illum unde illo at mollitia minima.,31450,https://picsum.photos/640/480
193,193,193,Kerapu,Deserunt inventore necessitatibus modi ullam minus.,19306,https://picsum.photos/640/480
194,194,194,Cumi-cumi,Numquam cumque quis velit ratione laborum alias esse ad sequi fugit reprehenderit molestias dolor temporibus dicta nam.,34507,https://placekitten.com/640/480
195,195,195,Cumi-cumi,Libero nihil fugit quam vitae eligendi quaerat veniam eius neque asperiores.,15258,https://placekitten.com/640/480
196,196,196,Udang Windu,Veritatis cum fugit accusamus nulla dolores incidunt magnam ea expedita reprehenderit necessitatibus laudantium corporis.,27080,https://placekitten.com/640/480
197,197,197,Selar,Voluptatem laborum odio eveniet cupiditate quam magnam hic ad.,19125,https://placekitten.com/640/480
198,198,198,Bandeng,Soluta voluptatem distinctio laudantium laborum explicabo libero.,32221,https://dummyimage.com/640x480
199,199,199,Cakalang,Modi quibusdam aliquid alias optio libero sequi distinctio adipisci unde.,21989,https://picsum.photos/640/480
200,200,200,Sarden,Illo error tempore nesciunt enim iusto sed.,33407,https://placekitten.com/640/480
201,201,201,Udang Vaname,In aliquam quod aut ipsa laudantium illum culpa accusantium quo facilis odit.,20952,https://placekitten.com/640/480
202,202,202,Kembung,Ad deserunt atque explicabo velit nisi facere molestias porro.,30925,https://placekitten.com/640/480
203,203,203,Cakalang,Ea velit ipsum repellat a laborum ab beatae recusandae.,15077,https://dummyimage.com/640x480
204,204,204,Baronang,Aperiam quaerat eos rerum dicta cumque qui aspernatur aliquid est quaerat vero deserunt.,16820,https://dummyimage.com/640x480
205,205,205,Gurame,Pariatur mollitia optio doloremque rem totam est earum error.,20262,https://dummyimage.com/640x480
206,206,206,Patin,Repellendus ut maiores occaecati illum eius ea porro recusandae dolore cumque.,24904,https://placekitten.com/640/480
207,207,207,Kerapu,Tempora incidunt nesciunt esse voluptas maxime porro voluptates porro.,22181,https://dummyimage.com/640x480
208,208,208,Lele,Doloribus repellat nulla natus aut suscipit eveniet veniam quidem ut veniam repellat quasi culpa.,33939,https://placekitten.com/640/480
209,209,209,Sotong,Veniam illo necessitatibus animi quisquam porro id minima est amet repudiandae saepe quas cupiditate reiciendis.,22764,https://picsum.photos/640/480
210,210,210,Kakap Merah,Occaecati necessitatibus illo dolorem ducimus laboriosam a eius rem voluptatibus sunt.,28997,https://picsum.photos/640/480
211,211,211,Layang,Libero temporibus soluta similique quo provident perspiciatis in facere labore incidunt quibusdam.,24048,https://placekitten.com/640/480
212,212,212,Baronang,Quasi ipsam repellat distinctio ut reprehenderit asperiores enim necessitatibus.,32592,https://placekitten.com/640/480
213,213,213,Kakap Putih,Saepe reiciendis blanditiis nobis eligendi corporis.,30864,https://placekitten.com/640/480
214,214,214,Sotong,Nisi mollitia laboriosam delectus suscipit debitis necessitatibus.,34722,https://dummyimage.com/640x480
215,215,215,Selar,Debitis quis nulla ex sed cupiditate nam aspernatur blanditiis quas ut explicabo.,26804,https://picsum.photos/640/480
216,216,216,Kepiting Bakau,Voluptate minima minima cum excepturi vel distinctio dolores eligendi.,18917,https://picsum.photos/640/480
217,217,217,Tongkol,Facere ipsa omnis necessitatibus doloribus architecto dolor.,18685,https://picsum.photos/640/480
218,218,218,Bandeng,Ea officiis rem tenetur laudantium sapiente voluptates sed fugiat neque optio voluptatem voluptatibus.,23769,https://dummyimage.com/640x480
219,219,219,Baronang,Et officiis cum cum at odio ipsam corrupti aliquid.,25204,https://dummyimage.com/640x480
220,220,220,Kepiting Bakau,Pariatur quidem facilis asperiores numquam doloremque eius beatae quo.,24533,https://picsum.photos/640/480
221,221,221,Teri,Aperiam iste quas consequuntur voluptatibus laudantium dignissimos facilis commodi molestiae.,22169,https://placekitten.com/640/480
222,222,222,Gurame,Ut voluptatum maxime perspiciatis sit corporis id distinctio.,30404,https://dummyimage.com/640x480
223,223,223,Layang,Doloribus ipsam quos officiis magnam sequi repellat dolorum odio veniam voluptas quisquam.,21179,https://placekitten.com/640/480
224,224,224,Kakap Merah,Aliquid id repudiandae et illum tempora veritatis assumenda quae et blanditiis excepturi eius.,18530,https://placekitten.com/640/480
225,225,225,Nila,Quasi a rerum architecto nam laudantium recusandae quae nulla dolor.,28113,https://placekitten.com/640/480
226,226,226,Baronang,Beatae quidem sapiente cupiditate at asperiores ex aspernatur a iusto assumenda tenetur.,25561,https://picsum.photos/640/480
227,227,227,Teri,Culpa quas error autem inventore quaerat hic culpa rerum perferendis aut doloremque.,33308,https://dummyimage.com/640x480
228,228,228,Tuna,Est maxime voluptatem cumque corporis possimus maiores porro perspiciatis voluptas ab cupiditate dolore aliquam vero sint.,22921,https://placekitten.com/640/480
229,229,229,Patin,Minima voluptas iure accusantium aperiam in.,19947,https://dummyimage.com/640x480
230,230,230,Udang Vaname,Quae quisquam vitae est est incidunt temporibus reiciendis cupiditate ipsam eligendi repellat voluptas necessitatibus minima praesentium.,31805,https://placekitten.com/640/480
231,231,231,Udang Vaname,Exercitationem laborum quae tenetur culpa repellat nisi sed sequi asperiores temporibus ipsam.,22556,https://dummyimage.com/640x480
232,232,232,Kepiting Bakau,In nulla doloremque nobis commodi soluta iure delectus sunt quibusdam.,25596,https://placekitten.com/640/480
233,233,233,Kepiting Bakau,Atque harum quo laudantium voluptas vero quod asperiores.,21282,https://picsum.photos/640/480
234,234,234,Cumi-cumi,Corporis reiciendis architecto ea dolor consequatur unde ducimus odit quas aliquid a.,32215,https://picsum.photos/640/480
235,235,235,Patin,Qui in ullam voluptates labore exercitationem molestiae facilis odit ducimus.,33146,https://picsum.photos/640/480
236,236,236,Sarden,Architecto sunt voluptas commodi earum iusto magnam quaerat dicta quod.,32629,https://dummyimage.com/640x480
237,237,237,Sotong,Quos quo et rerum beatae repellat excepturi.,28616,https://dummyimage.com/640x480
238,238,238,Kerapu,Nemo nam reiciendis nemo quia praesentium soluta sunt exercitationem dolore aspernatur reiciendis autem.,31071,https://placekitten.com/640/480
239,239,239,Bawal,Beatae sint nemo excepturi neque itaque eaque delectus alias cumque consequatur dolorum odio occaecati recusandae nisi.,19404,https://dummyimage.com/640x480
240,240,240,Bandeng,Explicabo quisquam voluptas aliquam minus molestiae itaque.,31203,https://dummyimage.com/640x480
241,241,241,Sarden,Cum tempora amet ipsum alias accusamus.,22360,https://picsum.photos/640/480
242,242,242,Kakap Putih,Fuga commodi ut ad animi porro iure ducimus distinctio commodi iure.,32810,https://dummyimage.com/640x480
243,243,243,Nila,Iure delectus nulla laboriosam officiis qui perspiciatis pariatur non corrupti ratione debitis.,34867,https://placekitten.com/640/480
244,244,244,Selar,Quas optio voluptatem doloribus pariatur sequi laborum dicta ducimus illum debitis ad officiis consequuntur.,34909,https://placekitten.com/640/480
245,245,245,Patin,Dignissimos sequi eius veritatis repudiandae sapiente nulla.,34374,https://dummyimage.com/640x480
246,246,246,Tuna,At rerum necessitatibus necessitatibus dolorem voluptates accusamus illum.,16263,https://placekitten.com/640/480
247,247,247,Bawal,In assumenda eligendi molestiae debitis consequuntur delectus sequi doloribus ducimus ut tenetur quos inventore sed laudantium.,25871,https://picsum.photos/640/480
248,248,248,Sarden,Pariatur ad quasi exercitationem aut voluptates voluptatibus quos consectetur magnam ipsam perferendis.,26947,https://dummyimage.com/640x480
249,249,249,Salmon,Eligendi illo qui distinctio nulla sint soluta.,27400,https://placekitten.com/640/480
250,250,250,Patin,Officia cupiditate laboriosam minus dicta nostrum incidunt tenetur totam distinctio quibusdam.,16352,https://picsum.photos/640/480
251,251,251,Kakap Merah,Iste natus animi quo est accusantium voluptas.,24478,https://picsum.photos/640/480
252,252,252,Udang Vaname,Dolor facere at consequatur cupiditate debitis error quod iure repudiandae.,26085,https://dummyimage.com/640x480
253,253,253,Patin,Id quaerat magnam expedita voluptates.,20219,https://placekitten.com/640/480
254,254,254,Nila,Sequi ipsa fugiat animi laborum doloribus quibusdam accusantium non.,30461,https://placekitten.com/640/480
255,255,255,Sotong,Suscipit tempora dolorem dolore asperiores debitis quae nesciunt aliquid.,25397,https://dummyimage.com/640x480
256,256,256,Kepiting Bakau,Iure nulla molestiae perspiciatis magnam eaque autem molestiae reiciendis debitis odit.,18829,https://dummyimage.com/640x480
257,257,257,Udang Windu,Magni esse laborum ipsam blanditiis tempora distinctio.,25406,https://placekitten.com/640/480
258,258,258,Makarel,Possimus aliquam consequuntur sapiente eos iure quasi dolores a doloremque.,28654,https://picsum.photos/640/480
259,259,259,Gurame,Minus veniam facere quisquam dignissimos at dolore blanditiis sunt cumque sint earum quibusdam.,18779,https://placekitten.com/640/480
260,260,260,Kakap Putih,Cumque corrupti aliquid error natus officiis.,26994,https://dummyimage.com/640x480
261,261,261,Cumi-cumi,Voluptatum in deleniti id dolores ratione quam labore quis maxime.,33269,https://dummyimage.com/640x480
262,262,262,Baronang,Ut sed perspiciatis distinctio incidunt quasi magni voluptate placeat repudiandae animi veniam sed numquam.,22961,https://dummyimage.com/640x480
263,263,263,Sarden,Quas asperiores aperiam voluptate non voluptas iste eveniet blanditiis quibusdam ipsa vitae dicta.,29565,https://picsum.photos/640/480
264,264,264,Selar,Illo vitae maxime fugiat deserunt ad illum cum reprehenderit iste repudiandae commodi veritatis.,20544,https://dummyimage.com/640x480
265,265,265,Kepiting Bakau,Nesciunt magni optio fugit nisi animi sequi earum recusandae nesciunt architecto.,28622,https://picsum.photos/640/480
266,266,266,Udang Windu,Modi corrupti eos quae harum in ut iste quidem fugiat expedita occaecati necessitatibus possimus quam iste.,17343,https://placekitten.com/640/480
267,267,267,Rajungan,Earum sed debitis sed consequuntur labore dolor.,34471,https://dummyimage.com/640x480
268,268,268,Layang,Nam architecto quisquam optio labore quae assumenda doloremque aperiam itaque temporibus.,21051,https://picsum.photos/640/480
269,269,269,Kerapu,In fuga quas nulla et eius accusantium beatae minima pariatur aut quam ad quis quod consequuntur architecto exercitationem quia.,31131,https://dummyimage.com/640x480
270,270,270,Belanak,Provident sunt assumenda sunt repellendus voluptate nostrum molestias ea corporis quo consectetur ad eos saepe quo.,28664,https://placekitten.com/640/480
271,271,271,Salmon,Enim eius perspiciatis voluptas id minima.,33650,https://placekitten.com/640/480
272,272,272,Salmon,Cum vitae quibusdam ullam ea omnis sapiente rem culpa accusantium corrupti inventore.,27340,https://dummyimage.com/640x480
273,273,273,Kakap Merah,Provident consequatur doloremque totam repellendus voluptates pariatur magni asperiores aliquid libero.,32098,https://dummyimage.com/640x480
274,274,274,Kakap Merah,Esse totam aspernatur aut tempore veniam dolorum.,29929,https://picsum.photos/640/480
275,275,275,Layang,Officiis possimus laborum atque dolores ipsum cupiditate deleniti similique rem aliquam harum.,33543,https://dummyimage.com/640x480
276,276,276,Cakalang,Quaerat corrupti suscipit cumque officiis iusto dolor repellat possimus iure nobis maiores.,22523,https://picsum.photos/640/480
277,277,277,Nila,Delectus impedit maiores autem recusandae quo itaque atque tempore quos.,28481,https://picsum.photos/640/480
278,278,278,Makarel,Officiis mollitia perferendis ipsum veritatis occaecati rerum modi corporis placeat.,16349,https://dummyimage.com/640x480
279,279,279,Baronang,Aliquam perspiciatis nobis reprehenderit quasi veniam tenetur totam.,20057,https://dummyimage.com/640x480
280,280,280,Teri,Molestiae necessitatibus reiciendis minus perferendis tenetur quam architecto laudantium pariatur vel nesciunt ut saepe quas.,32066,https://placekitten.com/640/480
281,281,281,Belanak,Totam numquam sunt quaerat distinctio hic alias culpa quos tempore dolor modi.,19125,https://picsum.photos/640/480
282,282,282,Cakalang,Eligendi ratione deleniti voluptate deleniti ut suscipit mollitia totam suscipit iusto corrupti.,32644,https://dummyimage.com/640x480
283,283,283,Cakalang,Numquam libero minus porro vel cumque sint accusamus neque placeat culpa.,15979,https://picsum.photos/640/480
284,284,284,Makarel,Saepe doloremque laborum porro est quasi eaque dolores id dolorem ea possimus magnam deleniti impedit.,27934,https://placekitten.com/640/480
285,285,285,Kepiting Bakau,Corporis amet hic alias eum ipsum debitis repudiandae aliquid officiis sunt aut eaque maiores quo illum odio.,29412,https://dummyimage.com/640x480
286,286,286,Nila,Blanditiis veniam culpa autem corrupti magnam aut harum dignissimos ipsum voluptatem.,30179,https://placekitten.com/640/480
287,287,287,Layang,Veritatis harum consectetur consequuntur commodi dolorum itaque alias nemo magni exercitationem atque quo.,31303,https://placekitten.com/640/480
288,288,288,Sotong,Animi eum reprehenderit ab dolores quos iusto soluta sint itaque quo nemo quia voluptatum vero rerum cumque tempore vitae velit.,31071,https://dummyimage.com/640x480
289,289,289,Makarel,Reiciendis placeat cupiditate perspiciatis porro minima deserunt temporibus harum velit officiis iste.,21467,https://dummyimage.com/640x480
290,290,290,Belanak,Repellendus eaque dolorum culpa repellat saepe aspernatur explicabo cum amet ex.,22893,https://dummyimage.com/640x480
291,291,291,Belanak,Autem quod ratione delectus ad provident quam hic eius.,17831,https://picsum.photos/640/480
292,292,292,Bawal,Placeat itaque natus asperiores quod voluptates sunt molestias.,18625,https://picsum.photos/640/480
293,293,293,Sarden,Consequatur et tempora maxime ad aliquam ab.,15995,https://picsum.photos/640/480
294,294,294,Kerapu,Laborum numquam cumque a dolorum omnis recusandae illum soluta.,16579,https://dummyimage.com/640x480
295,295,295,Cumi-cumi,Illum nostrum hic impedit fugiat nisi tenetur officiis placeat omnis.,20741,https://placekitten.com/640/480
296,296,296,Patin,Dolorem at possimus autem repellendus similique reiciendis nesciunt eveniet.,19968,https://dummyimage.com/640x480
297,297,297,Kakap Merah,Tempora velit quas temporibus fuga repellat aliquid sunt.,31439,https://placekitten.com/640/480
298,298,298,Bawal,Nam at fugit facere ab minus qui amet amet quos nulla repellat id ipsa accusantium dolores.,30814,https://placekitten.com/640/480
299,299,299,Sotong,Modi nesciunt fuga ullam labore rerum voluptate beatae corrupti magni doloribus repellendus consequatur explicabo debitis.,33617,https://picsum.photos/640/480
300,300,300,Patin,At illo qui sint ipsam consectetur laborum eveniet aliquid quod repellendus explicabo amet recusandae.,15599,https://picsum.photos/640/480
301,301,301,Lele,Nobis ducimus sit dicta quis nostrum qui deleniti officia at sit corrupti reiciendis reiciendis magni fuga accusantium animi neque atque.,17803,https://dummyimage.com/640x480
302,302,302,Kembung,Excepturi illo nesciunt illo debitis aliquam debitis delectus quaerat magnam deserunt.,28370,https://placekitten.com/640/480
303,303,303,Kakap Merah,Laboriosam at doloremque quia eligendi voluptas neque incidunt inventore quas nulla eveniet consequuntur tenetur quis rem iure quae.,24328,https://picsum.photos/640/480
304,304,304,Gurame,Placeat amet nisi error atque nesciunt suscipit quisquam vero dolore.,32571,https://placekitten.com/640/480
305,305,305,Salmon,Quis illum enim voluptatem commodi dolore ab in eius consectetur excepturi vel ratione dolore tempora.,34090,https://dummyimage.com/640x480
306,306,306,Tuna,Quam ad libero voluptates ex ullam sed reiciendis natus non laboriosam laboriosam dicta corporis esse illo esse tempore itaque.,16476,https://placekitten.com/640/480
307,307,307,Tuna,Voluptate aperiam vel eveniet quas voluptas sit at aut.,20867,https://placekitten.com/640/480
308,308,308,Teri,Eius totam quam esse facilis maiores totam iste eum.,25304,https://placekitten.com/640/480
309,309,309,Selar,Earum voluptatum provident nemo voluptas quibusdam veniam quaerat voluptatem provident nisi incidunt commodi corrupti.,31373,https://placekitten.com/640/480
310,310,310,Tuna,Explicabo provident rem occaecati officia pariatur nesciunt quas eum animi quidem explicabo sunt a.,30044,https://picsum.photos/640/480
311,311,311,Layang,Perferendis tenetur voluptas provident ratione excepturi beatae esse voluptates impedit tempore culpa asperiores molestias.,26968,https://dummyimage.com/640x480
312,312,312,Teri,Totam nostrum minima excepturi a velit nemo numquam repellendus fugiat enim aut fuga magni exercitationem illum cupiditate.,15706,https://picsum.photos/640/480
313,313,313,Salmon,Deleniti alias quas quis fuga omnis adipisci possimus perspiciatis.,20668,https://dummyimage.com/640x480
314,314,314,Salmon,Quia quisquam eligendi ipsam cupiditate similique nobis at quae est.,17715,https://dummyimage.com/640x480
315,315,315,Kembung,Unde molestiae assumenda cum.,32123,https://picsum.photos/640/480
316,316,316,Udang Windu,Dignissimos asperiores quidem at exercitationem laboriosam veritatis accusantium nesciunt.,20168,https://placekitten.com/640/480
317,317,317,Teri,Nostrum nemo aperiam quia culpa consequatur veritatis aspernatur repellat minima.,22259,https://picsum.photos/640/480
318,318,318,Sotong,Iste impedit beatae modi hic eius repudiandae atque amet ipsam.,27421,https://placekitten.com/640/480
319,319,319,Sotong,Aspernatur explicabo nulla aperiam veritatis quasi commodi maiores.,33673,https://picsum.photos/640/480
320,320,320,Sarden,Ut cum ipsa cumque quisquam quaerat vel accusamus necessitatibus eligendi.,30231,https://dummyimage.com/640x480
321,321,321,Tongkol,Nihil adipisci modi fugit provident non impedit quasi mollitia.,18200,https://placekitten.com/640/480
322,322,322,Kakap Merah,Error necessitatibus molestiae vel ea exercitationem optio accusantium voluptatum iure et deleniti accusamus.,20172,https://picsum.photos/640/480
323,323,323,Nila,Ea magnam fugit blanditiis recusandae facilis ducimus repellat beatae voluptatum nesciunt architecto amet alias cum corporis quidem.,28378,https://dummyimage.com/640x480
324,324,324,Gurame,Iusto iste magnam nostrum doloremque ullam animi earum deserunt impedit.,15378,https://picsum.photos/640/480
325,325,325,Kembung,Numquam quisquam cupiditate cumque accusantium soluta.,16216,https://picsum.photos/640/480
326,326,326,Tuna,Accusamus quaerat quod similique voluptatibus soluta aliquam qui laborum atque nisi at.,19696,https://picsum.photos/640/480
327,327,327,Nila,Perspiciatis rem maxime vero ea minima vero rerum iusto.,17496,https://dummyimage.com/640x480
328,328,328,Bandeng,Quibusdam accusamus possimus mollitia maiores dolore.,22864,https://placekitten.com/640/480
329,329,329,Udang Vaname,Temporibus iste consequuntur similique iste ipsa sunt inventore libero laudantium natus nesciunt ipsam odit a.,16241,https://dummyimage.com/640x480
330,330,330,Belanak,Soluta esse blanditiis doloribus cumque repellat hic magnam pariatur iure dicta.,27738,https://picsum.photos/640/480
331,331,331,Kepiting Bakau,Necessitatibus sunt est culpa laborum officia fugiat.,23656,https://placekitten.com/640/480
332,332,332,Kembung,Debitis officia animi animi est harum quam libero consequatur tempora id provident sequi mollitia unde.,21705,https://dummyimage.com/640x480
333,333,333,Bandeng,Aliquid corrupti dolores totam suscipit adipisci nam doloremque pariatur assumenda dolorem debitis aperiam dignissimos voluptate molestias labore.,16131,https://picsum.photos/640/480
334,334,334,Sarden,Ut eius neque possimus atque temporibus consequatur velit facilis nisi veniam.,25201,https://picsum.photos/640/480
335,335,335,Sarden,Ut odit ratione veritatis temporibus illo facilis deserunt minus.,32274,https://dummyimage.com/640x480
336,336,336,Sarden,Dolore alias libero rem modi veritatis.,17064,https://picsum.photos/640/480
337,337,337,Baronang,Possimus asperiores a ut veritatis adipisci molestiae labore porro.,21122,https://dummyimage.com/640x480
338,338,338,Cumi-cumi,Ratione ipsum recusandae eius numquam aperiam ipsum ex vitae molestiae.,16848,https://picsum.photos/640/480
339,339,339,Udang Windu,Illum quidem atque quod cum similique quod beatae voluptas quibusdam.,34182,https://dummyimage.com/640x480
340,340,340,Patin,Unde neque impedit amet eos id ut doloribus.,23790,https://picsum.photos/640/480
341,341,341,Teri,Recusandae porro officiis libero in adipisci commodi ipsa saepe vel quasi repudiandae molestiae vero.,28852,https://picsum.photos/640/480
342,342,342,Udang Windu,Perferendis porro exercitationem dolorum eum cumque id tenetur.,30281,https://placekitten.com/640/480
343,343,343,Salmon,Deleniti culpa doloremque architecto natus cupiditate debitis ullam.,25500,https://placekitten.com/640/480
344,344,344,Cakalang,Architecto quod quaerat minima laudantium suscipit velit sapiente officia doloremque.,20280,https://placekitten.com/640/480
345,345,345,Cumi-cumi,Natus nulla modi id et consectetur adipisci asperiores error.,28036,https://dummyimage.com/640x480
346,346,346,Sarden,Enim aliquam deserunt natus neque voluptatum atque libero deleniti praesentium qui.,25639,https://dummyimage.com/640x480
347,347,347,Teri,Ipsam quia eveniet eos commodi totam a placeat alias veniam dolorum laboriosam accusamus mollitia rem.,31612,https://placekitten.com/640/480
348,348,348,Udang Vaname,Maxime praesentium tempore expedita nulla explicabo voluptate dignissimos veniam quas dolore assumenda.,26998,https://picsum.photos/640/480
349,349,349,Bandeng,Sequi facere nemo et non reiciendis ducimus deleniti quo dolorum impedit corrupti debitis.,21535,https://dummyimage.com/640x480
350,350,350,Salmon,Mollitia nobis dicta in dolorum praesentium vitae amet.,26843,https://dummyimage.com/640x480
351,351,351,Kakap Merah,Possimus debitis ab eum quae ad quisquam aspernatur.,31494,https://dummyimage.com/640x480
352,352,352,Lele,Quia esse illum nostrum magnam praesentium veniam commodi.,27602,https://picsum.photos/640/480
353,353,353,Salmon,Velit ullam doloribus voluptatibus minima magni repudiandae voluptas eveniet optio cumque esse iste id alias debitis fugiat eveniet.,34954,https://placekitten.com/640/480
354,354,354,Kakap Putih,A illum iusto culpa rerum atque vel in totam.,26086,https://placekitten.com/640/480
355,355,355,Layang,Omnis voluptas aspernatur pariatur architecto laborum nisi inventore quas.,24835,https://placekitten.com/640/480
356,356,356,Kerapu,Debitis nemo officiis deserunt eligendi omnis suscipit ea facilis quae consequuntur accusantium eveniet unde eligendi harum doloremque corrupti delectus.,27363,https://picsum.photos/640/480
357,357,357,Selar,Ratione esse est eos doloribus recusandae aliquid fugit ex nobis facilis aut.,16523,https://dummyimage.com/640x480
358,358,358,Kerapu,Aliquid fugiat sed aut aspernatur magni nulla rem exercitationem cumque.,20143,https://picsum.photos/640/480
359,359,359,Kakap Merah,Eaque optio cumque delectus quasi molestiae consequatur.,27184,https://picsum.photos/640/480
360,360,360,Salmon,Placeat architecto illum atque iure ullam dolorem libero architecto doloremque veniam temporibus quo.,23782,https://dummyimage.com/640x480
361,361,361,Patin,Sint in mollitia sed cumque laboriosam nihil doloribus maiores deleniti rem suscipit harum at.,22444,https://picsum.photos/640/480
362,362,362,Tongkol,Similique reiciendis voluptatum minima odio eius animi unde cupiditate reprehenderit rerum animi.,15678,https://picsum.photos/640/480
363,363,363,Bandeng,Maiores accusamus dolor sed dolorum fugiat mollitia.,23038,https://dummyimage.com/640x480
364,364,364,Kerapu,Omnis cumque repellendus possimus debitis expedita veritatis vitae nemo dolor sapiente officia repellendus sequi deleniti.,27131,https://dummyimage.com/640x480
365,365,365,Teri,Quod assumenda vel accusantium odit vero.,29860,https://picsum.photos/640/480
366,366,366,Tongkol,Magnam ipsum aperiam ratione dolorum enim.,28303,https://placekitten.com/640/480
367,367,367,Belanak,Nesciunt iusto totam mollitia alias quidem placeat sit accusamus tempora perspiciatis quidem.,28121,https://picsum.photos/640/480
368,368,368,Makarel,Perferendis magni laboriosam asperiores ab at maxime illum.,34587,https://dummyimage.com/640x480
369,369,369,Kerapu,Vitae molestiae perferendis doloremque deserunt dolorem minus illo.,28179,https://placekitten.com/640/480
370,370,370,Bandeng,Eveniet voluptates dolorem sequi facilis omnis recusandae eius.,20522,https://placekitten.com/640/480
371,371,371,Selar,Placeat possimus dicta nihil totam voluptas nesciunt.,31664,https://dummyimage.com/640x480
372,372,372,Kerapu,Voluptate perferendis qui eos hic aliquid soluta dolores.,26077,https://dummyimage.com/640x480
373,373,373,Kerapu,Amet cum quo cum omnis perferendis doloribus excepturi error sit incidunt eum vero recusandae.,30045,https://dummyimage.com/640x480
374,374,374,Bandeng,Ipsa placeat distinctio quas ipsum dolorum consequuntur doloribus rem animi.,31707,https://placekitten.com/640/480
375,375,375,Lele,Dolore facilis iure tenetur esse voluptatem itaque.,24899,https://picsum.photos/640/480
376,376,376,Bandeng,Voluptas odio aliquid doloremque suscipit facere maxime accusantium veniam perferendis.,15800,https://placekitten.com/640/480
377,377,377,Layang,Deleniti eligendi facere vel labore occaecati.,28603,https://dummyimage.com/640x480
378,378,378,Bandeng,Accusamus adipisci dicta tempora blanditiis quasi neque architecto facere similique id nihil.,26623,https://placekitten.com/640/480
379,379,379,Kerapu,Fugiat aperiam quod commodi veritatis odio incidunt eos accusamus a illo.,18873,https://placekitten.com/640/480
380,380,380,Salmon,Tempore ad inventore corrupti nesciunt incidunt quod sequi debitis id quas autem itaque.,20990,https://picsum.photos/640/480
381,381,381,Belanak,Ab provident et incidunt expedita.,27891,https://picsum.photos/640/480
382,382,382,Bawal,Possimus temporibus nesciunt libero quam pariatur incidunt excepturi nobis sapiente et rerum reprehenderit repellat sint.,22095,https://picsum.photos/640/480
383,383,383,Selar,Labore architecto harum aliquam aliquam cumque est neque porro.,24722,https://picsum.photos/640/480
384,384,384,Bawal,Repudiandae magnam id sint cumque aliquam dolores aspernatur.,17388,https://placekitten.com/640/480
385,385,385,Kembung,Nihil debitis ipsam nulla nisi in quisquam occaecati laudantium dicta harum nulla atque ut.,30397,https://picsum.photos/640/480
386,386,386,Sarden,Necessitatibus velit voluptates molestiae magni nihil nihil quod.,33323,https://placekitten.com/640/480
387,387,387,Gurame,Eligendi deserunt adipisci vero quis maxime quod dolor ea beatae.,27569,https://picsum.photos/640/480
388,388,388,Bawal,Quas cupiditate porro recusandae assumenda velit aspernatur voluptas accusantium quo ullam ullam quas dicta.,20520,https://picsum.photos/640/480
389,389,389,Baronang,Ullam maiores accusantium enim excepturi deleniti reiciendis hic blanditiis est delectus non earum fugiat.,20015,https://picsum.photos/640/480
390,390,390,Kakap Putih,Repellat dicta dignissimos minima numquam consectetur ea.,28810,https://placekitten.com/640/480
391,391,391,Salmon,Soluta repudiandae velit quasi porro laudantium tenetur quasi eligendi velit reprehenderit.,19668,https://dummyimage.com/640x480
392,392,392,Kakap Putih,Voluptas placeat tempore harum vitae numquam rerum sapiente ratione totam iure ad fugit.,16957,https://dummyimage.com/640x480
393,393,393,Layang,Aut ullam ipsam omnis voluptas alias dolorum voluptates repellendus.,31226,https://picsum.photos/640/480
394,394,394,Lele,Libero facilis alias earum excepturi nihil laudantium dignissimos in in.,29024,https://dummyimage.com/640x480
395,395,395,Teri,Pariatur exercitationem accusantium libero tenetur itaque.,15289,https://dummyimage.com/640x480
396,396,396,Tuna,Nostrum laboriosam aut ipsum deleniti repudiandae eligendi ea.,16539,https://dummyimage.com/640x480
397,397,397,Udang Vaname,Perspiciatis suscipit sunt quo a reprehenderit blanditiis beatae doloribus dicta sit eligendi numquam et.,25584,https://placekitten.com/640/480
398,398,398,Nila,Nam consequatur totam omnis quis fugit quisquam velit architecto alias sequi reiciendis provident fugiat vero.,28439,https://picsum.photos/640/480
399,399,399,Kakap Putih,Aut odio consequuntur officia quae facere praesentium.,23699,https://placekitten.com/640/480
400,400,400,Udang Windu,Nam tenetur iste magni occaecati delectus quidem aliquid reiciendis a.,20875,https://dummyimage.com/640x480
401,401,401,Tongkol,Officia tenetur nihil recusandae vero vel.,26543,https://dummyimage.com/640x480
402,402,402,Udang Windu,Nostrum odio beatae voluptatem atque sunt qui amet.,22898,https://placekitten.com/640/480
403,403,403,Baronang,Vero in maxime aliquid officia officiis tenetur accusantium non iure rerum numquam repellendus.,22915,https://picsum.photos/640/480
404,404,404,Patin,Consectetur id occaecati rem nesciunt voluptates labore nisi.,19445,https://placekitten.com/640/480
405,405,405,Kembung,Voluptatibus ut sequi blanditiis asperiores libero commodi laboriosam ipsam quos delectus reprehenderit.,33447,https://picsum.photos/640/480
406,406,406,Teri,Dolore nemo ex ea architecto unde quasi maxime odit optio dolore.,19416,https://placekitten.com/640/480
407,407,407,Nila,Veniam consequatur quos deleniti porro fuga consequatur nisi fugit aliquam neque repudiandae cum assumenda similique delectus accusantium libero.,21479,https://placekitten.com/640/480
408,408,408,Nila,Nostrum mollitia quam ea officia ratione repellat tenetur quae sapiente.,29163,https://dummyimage.com/640x480
409,409,409,Tongkol,Repellat tempore aperiam ab nemo natus commodi quibusdam doloribus.,31788,https://placekitten.com/640/480
410,410,410,Kembung,Dolore consectetur vero quisquam itaque vero repudiandae eligendi.,31760,https://picsum.photos/640/480
411,411,411,Kepiting Bakau,Nesciunt consectetur optio distinctio ad harum cupiditate.,23002,https://placekitten.com/640/480
412,412,412,Rajungan,Totam totam itaque pariatur molestiae officiis officiis.,24005,https://picsum.photos/640/480
413,413,413,Bawal,Non placeat recusandae eius maiores reiciendis labore voluptatibus deleniti nesciunt ipsum perferendis.,19245,https://picsum.photos/640/480
414,414,414,Kerapu,Maxime omnis dolorem itaque nisi eos.,20112,https://dummyimage.com/640x480
415,415,415,Cakalang,Cumque labore libero fuga doloremque possimus amet vero quod.,32417,https://picsum.photos/640/480
416,416,416,Nila,Nisi officia ea mollitia vero asperiores blanditiis unde commodi commodi tempora.,33363,https://placekitten.com/640/480
417,417,417,Rajungan,Tenetur voluptate nulla libero expedita cumque quis placeat vel cum eaque ab consectetur accusamus accusamus modi dolor architecto hic officia.,28625,https://dummyimage.com/640x480
418,418,418,Layang,Sint sit accusamus sequi provident ea provident optio quos quam veritatis rerum facere error inventore voluptas.,18119,https://dummyimage.com/640x480
419,419,419,Rajungan,Reiciendis quasi neque sapiente veniam iusto corrupti deleniti officiis.,34242,https://placekitten.com/640/480
420,420,420,Makarel,Assumenda aut vero odit molestias provident omnis minima.,29773,https://placekitten.com/640/480
421,421,421,Tuna,Pariatur reprehenderit sint dolorem quo.,24573,https://placekitten.com/640/480
422,422,422,Sotong,Blanditiis consectetur dolore tenetur quasi similique molestias aut.,32573,https://placekitten.com/640/480
423,423,423,Salmon,Laudantium tenetur eveniet fuga corporis animi provident impedit.,23775,https://placekitten.com/640/480
424,424,424,Baronang,Officiis commodi aut quasi voluptate laborum quasi quas possimus quasi dolorum doloribus laboriosam sint soluta debitis.,16511,https://picsum.photos/640/480
425,425,425,Nila,Minus dolor consequuntur nesciunt cupiditate aliquam magnam ipsum.,20459,https://picsum.photos/640/480
426,426,426,Kakap Putih,Recusandae rerum perferendis eos numquam suscipit labore ab tempora ducimus incidunt dolorum amet tempore.,16302,https://placekitten.com/640/480
427,427,427,Kembung,Aliquam voluptatum voluptatibus aut suscipit odit a consequatur nesciunt.,26774,https://placekitten.com/640/480
428,428,428,Sotong,Doloribus libero facere nulla minus quidem sint soluta autem temporibus cum libero distinctio consequatur modi saepe.,33584,https://placekitten.com/640/480
429,429,429,Sotong,Sed error quibusdam ab quae magni fugiat rerum nam voluptates architecto beatae amet ratione.,18343,https://placekitten.com/640/480
430,430,430,Rajungan,Atque reprehenderit ullam iusto quidem earum mollitia numquam nemo ea fuga distinctio suscipit.,27196,https://picsum.photos/640/480
431,431,431,Kepiting Bakau,Sint pariatur praesentium et hic deleniti odio.,23376,https://dummyimage.com/640x480
432,432,432,Patin,Numquam accusantium quia iste labore at optio fugit repudiandae blanditiis molestiae.,24845,https://dummyimage.com/640x480
433,433,433,Salmon,Ex officiis est eos maiores quia explicabo.,18450,https://placekitten.com/640/480
434,434,434,Udang Windu,Quibusdam assumenda dolore fugiat.,24743,https://dummyimage.com/640x480
435,435,435,Sotong,Neque architecto molestiae dicta molestias perferendis rerum recusandae.,27679,https://picsum.photos/640/480
436,436,436,Selar,Veniam ullam commodi veritatis fuga voluptatum labore mollitia necessitatibus quod a vel.,24290,https://dummyimage.com/640x480
437,437,437,Sarden,Dignissimos qui ratione labore iusto autem numquam veniam autem.,17790,https://picsum.photos/640/480
438,438,438,Rajungan,Amet eius odit repellat ipsam officia sunt possimus reprehenderit ut perferendis ea.,30294,https://placekitten.com/640/480
439,439,439,Kepiting Bakau,Sequi natus sequi repellendus sequi explicabo autem optio repudiandae iste laudantium iusto sapiente vitae est quo porro corporis ullam.,19247,https://placekitten.com/640/480
440,440,440,Kerapu,Molestias id labore mollitia repudiandae id autem fugit possimus maxime iste architecto consequuntur.,15428,https://picsum.photos/640/480
441,441,441,Teri,Et sed laborum sunt ratione unde laudantium eligendi aliquid nam.,16764,https://placekitten.com/640/480
442,442,442,Gurame,Cum expedita soluta ullam rerum non voluptate.,24418,https://placekitten.com/640/480
443,443,443,Kerapu,Consequuntur harum saepe quo corporis illum cupiditate blanditiis perspiciatis.,19053,https://placekitten.com/640/480
444,444,444,Sarden,Quo eaque quam magni consequuntur commodi ab nisi modi voluptatibus labore.,29952,https://placekitten.com/640/480
445,445,445,Rajungan,Quo suscipit eveniet ea pariatur temporibus ducimus soluta provident.,17240,https://picsum.photos/640/480
446,446,446,Cumi-cumi,Officiis doloribus dignissimos animi optio ducimus quia facilis beatae ex blanditiis.,15914,https://dummyimage.com/640x480
447,447,447,Salmon,Cumque dolores sit inventore dignissimos quidem saepe.,16920,https://dummyimage.com/640x480
448,448,448,Cakalang,Laborum minima perferendis reiciendis nam harum molestiae minima dignissimos rem ipsa temporibus ad quaerat accusamus omnis commodi.,17780,https://dummyimage.com/640x480
449,449,449,Layang,Fugiat excepturi eaque dignissimos cum asperiores temporibus dolorum fugit.,19499,https://dummyimage.com/640x480
450,450,450,Selar,Hic ullam nemo earum perferendis quasi deserunt aspernatur dolor alias aut quaerat.,19121,https://picsum.photos/640/480
451,451,451,Udang Windu,Dolorem unde repellat animi nulla placeat ducimus id ut expedita porro.,33471,https://dummyimage.com/640x480
452,452,452,Tongkol,Quam ex tenetur temporibus officiis accusamus hic eos quidem quidem non minus.,31655,https://placekitten.com/640/480
453,453,453,Bawal,Eligendi animi blanditiis molestias quasi laudantium illum facere assumenda molestias cum dolorum corporis nihil corrupti.,29930,https://dummyimage.com/640x480
454,454,454,Kembung,Ex esse repellat architecto voluptatum iure harum ab.,33578,https://dummyimage.com/640x480
455,455,455,Gurame,Itaque nulla porro atque alias deleniti earum necessitatibus.,24162,https://dummyimage.com/640x480
456,456,456,Makarel,Veniam quos unde quae aspernatur quae error labore ipsum commodi a laboriosam occaecati.,20718,https://placekitten.com/640/480
457,457,457,Kakap Putih,Cum ullam autem quod modi nisi corporis laboriosam reiciendis voluptates quisquam.,25961,https://picsum.photos/640/480
458,458,458,Bawal,Tempora incidunt voluptatum quasi ipsum quisquam sed.,34347,https://dummyimage.com/640x480
459,459,459,Sotong,Consectetur asperiores voluptatum velit voluptas perferendis aperiam aperiam dicta a sapiente in officia rerum blanditiis voluptatibus.,20823,https://dummyimage.com/640x480
460,460,460,Makarel,Neque optio eveniet quibusdam architecto nisi atque molestiae.,28976,https://placekitten.com/640/480
461,461,461,Cumi-cumi,Adipisci eius placeat reiciendis vero dicta fugit quam iusto mollitia laborum ipsam.,21097,https://picsum.photos/640/480
462,462,462,Udang Windu,Assumenda pariatur exercitationem odio doloribus placeat necessitatibus pariatur unde tempora dignissimos.,23761,https://picsum.photos/640/480
463,463,463,Gurame,Soluta aut corporis deleniti esse illo rerum laboriosam nobis.,21779,https://placekitten.com/640/480
464,464,464,Rajungan,Nostrum praesentium enim nihil eum.,23005,https://picsum.photos/640/480
465,465,465,Bawal,Vel unde ipsa eveniet sed expedita repellendus hic alias quibusdam sit mollitia debitis.,25500,https://placekitten.com/640/480
466,466,466,Patin,Numquam praesentium repudiandae itaque assumenda quas sunt enim aperiam commodi.,21610,https://picsum.photos/640/480
467,467,467,Udang Windu,Vitae provident odit reiciendis sint assumenda autem repellendus aperiam laborum repellat porro praesentium.,29243,https://placekitten.com/640/480
468,468,468,Kakap Merah,Sit accusantium eum natus corrupti fugiat ducimus error velit.,28729,https://dummyimage.com/640x480
469,469,469,Lele,Quae necessitatibus tempora voluptatibus natus nam illo architecto facere vel iusto maxime.,25440,https://placekitten.com/640/480
470,470,470,Teri,In rerum non cupiditate enim nulla vero culpa consequatur fuga cumque incidunt.,34276,https://placekitten.com/640/480
471,471,471,Udang Windu,Fuga odit mollitia officiis necessitatibus unde nisi minus temporibus amet nesciunt possimus sapiente mollitia quaerat.,29974,https://dummyimage.com/640x480
472,472,472,Udang Windu,Modi sed aut aliquid incidunt ratione cupiditate nihil aliquid deleniti quibusdam excepturi.,22479,https://dummyimage.com/640x480
473,473,473,Baronang,Deserunt odit occaecati inventore optio fugiat quas temporibus eius temporibus cupiditate nam amet harum.,16334,https://placekitten.com/640/480
474,474,474,Selar,Tempora totam nisi magni quidem a.,31125,https://dummyimage.com/640x480
475,475,475,Bawal,Praesentium eveniet laborum explicabo illum minus molestiae maxime laborum.,31011,https://picsum.photos/640/480
476,476,476,Belanak,Suscipit at fuga cupiditate architecto est temporibus cumque quis alias corporis dignissimos est fuga repudiandae.,22303,https://placekitten.com/640/480
477,477,477,Makarel,Velit ducimus ullam sequi iste quae.,22726,https://picsum.photos/640/480
478,478,478,Tuna,Cumque veniam cum suscipit repudiandae quas aperiam soluta explicabo.,22092,https://picsum.photos/640/480
479,479,479,Cakalang,Voluptas nemo sapiente et possimus iure aliquid ratione molestias at sint iste.,18995,https://picsum.photos/640/480
480,480,480,Bandeng,Maiores pariatur quod eligendi praesentium nulla laudantium maxime dolores.,23772,https://placekitten.com/640/480
481,481,481,Lele,Veritatis perferendis magnam laborum id pariatur veritatis nulla.,31216,https://placekitten.com/640/480
482,482,482,Nila,Animi corporis facere vel aliquam minus quas deserunt optio velit voluptate perferendis ab ducimus nihil dolor.,21813,https://dummyimage.com/640x480
483,483,483,Sotong,Facere veritatis voluptates omnis quae quibusdam porro magni repellat asperiores vitae.,19836,https://picsum.photos/640/480
484,484,484,Makarel,Quo totam libero maxime ipsa mollitia ipsum.,34890,https://placekitten.com/640/480
485,485,485,Udang Vaname,Expedita debitis odio quas saepe perferendis non harum officiis optio eligendi voluptates eius.,34542,https://picsum.photos/640/480
486,486,486,Lele,Dolore beatae est veniam commodi laboriosam doloribus quam eveniet.,20434,https://dummyimage.com/640x480
487,487,487,Cumi-cumi,Modi quae hic alias dicta odit dolore nisi assumenda a porro laboriosam neque dolorum fugit temporibus.,19633,https://picsum.photos/640/480
488,488,488,Kakap Putih,Nesciunt explicabo vitae mollitia distinctio odio.,32110,https://dummyimage.com/640x480
489,489,489,Cakalang,Beatae atque magni explicabo asperiores vero alias.,29931,https://dummyimage.com/640x480
490,490,490,Layang,Ducimus id minima voluptatum expedita tempora minus quos ut.,21745,https://placekitten.com/640/480
491,491,491,Kakap Merah,Necessitatibus soluta occaecati impedit laudantium eligendi tempore incidunt provident quisquam earum.,29444,https://picsum.photos/640/480
492,492,492,Kepiting Bakau,Voluptates maiores quaerat dolores unde enim consequatur iure aliquam iste.,25698,https://placekitten.com/640/480
493,493,493,Sotong,Sint optio cum laborum vel voluptatibus optio molestias voluptatem id fugit.,20976,https://dummyimage.com/640x480
494,494,494,Rajungan,Delectus officiis excepturi veniam illum modi optio perferendis magni saepe.,15516,https://dummyimage.com/640x480
495,495,495,Bawal,Placeat omnis veniam impedit assumenda quisquam inventore corrupti iusto.,34697,https://placekitten.com/640/480
496,496,496,Udang Windu,Vitae vel et dignissimos tempore nesciunt tempore corporis magnam.,18968,https://placekitten.com/640/480
497,497,497,Kakap Putih,Recusandae voluptatum minima pariatur incidunt quod a tempora soluta quia.,24581,https://dummyimage.com/640x480
498,498,498,Teri,Ad ea adipisci nemo natus dolorum odit ex magnam neque repudiandae molestias molestias sed distinctio ducimus quo pariatur.,20275,https://picsum.photos/640/480
499,499,499,Kepiting Bakau,Iusto rem suscipit unde repudiandae impedit magni ab animi quibusdam dolor consectetur accusantium non dolore.,23345,https://picsum.photos/640/480
500,500,500,Cumi-cumi,Quas animi in repudiandae id facilis soluta iste molestiae.,28302,https://picsum.photos/640/480
